,Accuracy,Precision,Recall,F1-Score,ROC-AUC
Logistic Regression,0.783226723525231,0.7065868263473054,0.3155080213903743,0.43622920517560076,0.830128487195283
Random Forest,0.7917555081734187,0.6462093862815884,0.4786096256684492,0.5499231950844854,0.8272812689275304
Gradient Boosting,0.7960199004975125,0.6559139784946236,0.4893048128342246,0.5604900459418071,0.8420971574408167
